ACCDRSCQXZSANGGH,Sandisk Cruzer Blade 16GB Pen Drive,Sandisk,, Rs. 549,4.5
ACCDJR5HJYDGPZV3,Sony Micro Vault USM-V 8 GB Pen Drive,Sony,Rs. 453, Rs. 385,4.4
ACCCWPAPZDEGQ5ZZ,Transcend JetFlash 330 8 GB Pen Drive,Transcend,, Rs. 319,4.4
ACCDYHGYGZVDDAEZ,HP V-250 W 16 GB Pen Drive,HP,Rs. 810, Rs. 690,4.5
ACCD9XW3YU6VYCYS,Sandisk Cruzer Blade 32 GB,Sandisk,, Rs. 1061,4.2
ACCCXQ2FHVPX7DEA,HP V-165 W 8 GB Pen Drive,HP,, Rs. 379,4.3
ACCD3VYMPCYVGRVF,SanDisk Cruzer Switch 8 GB Pen Drive,Sandisk,Rs. 577, Rs. 370,4.1
ACCD7J7NXTY3YAHH,HP v228g 16 GB Pen Drive,HP,, Rs. 690,4.5
ACCCZCS9HFN7Y65J,Transcend Jet Flash 700 16 GB USB 3.0 Pen Drive,Transcend,, Rs. 690,4.4
ACCCXQ2FAJUZWXSA,HP V-210 W 8 GB Pen Drive,HP,, Rs. 400,4.3
ACCCWPADZWH2H8H2,SanDisk Cruzer Blade 4 GB Pen Drive,Sandisk,, Rs. 292,4.3
ACCD9338PMHJGXZT,Toshiba Hayabusa 8 GB Pen Drive,Toshiba,, Rs. 334,4
ACCCXQ2FZWVGMFTN,HP V-210 W 16 GB Pen Drive,HP,, Rs. 678,4.4
ACCD3VYMG6UHSG3H,SanDisk Cruzer Switch 16 GB Pen Drive,Sandisk,, Rs. 564,4.2
ACCD8826N3MKG7ZZ,Transcend JetFlash 350 8 GB Pen Drive,Transcend,, Rs. 310,4.3
ACCCZH7WXGVDYEHV,HP V-220 W 16 GB Pen Drive,HP,, Rs. 659,4.4
ACCD8826TH6PGHCY,Transcend JetFlash 350 16 GB Pen Drive,Transcend,, Rs. 525,4.5
ACCCWPAJDRFYMWAG,SanDisk Cruzer Blade 8 GB Pen Drive,Sandisk,, Rs. 322,4.3
ACCCZH7WZTUF3RHY,HP V-220 W 8 GB Pen Drive,HP,, Rs. 374,4.3
ACCCWPADYYFEJ7ZG,SanDisk Cruzer Blade 16 GB Pen Drive,Sandisk,, Rs. 536,4.3
ACCDFF6ZGGWPG5BZ,Transcend StoreJet 25M3 2.5 inch 500 GB External Hard Disk,Transcend,, Rs. 3520,4.6
ACCDQGVA2SWVFGCG,WD My Passport Ultra 2.5 inch 1 TB External Hard Drive,WD,, Rs. 4390,4.6
ACCDCWUZV7QZHBYD,Seagate Backup Plus 1 TB External Hard Disk,Seagate,, Rs. 4990,4.6
ACCDAYUMGBSJHVYY,Sony HD-E1 2.5 inch 1 TB External Hard Disk,Sony,, Rs. 5029,4.5
ACCDC2SDXBMWGEMK,Seagate Expansion 2 TB External Hard Disk,Seagate,Rs. 8000, Rs. 6899,4.4
ACCD72ZXFC6ZRTST,Transcend StoreJet 25M3 2.5 inch 1 TB External Hard Disk,Transcend,, Rs. 4945,4.6
ACCDCWUZQHBJZB5F,Seagate Backup Plus 1 TB External Hard Disk,Seagate,, Rs. 4990,4.6
ACCDBEF5BJWM5JBX,WD My Passport 1 TB External Hard Disk,WD,Rs. 8000, Rs. 5150,4.6
ACCDH77ZQZRX23FY,Dell Backup Plus 1TB USB 3.0 Portable hard drive,Dell,Rs. 8500, Rs. 4838,4.4
ACCDMHDQJHVRPYAN,WD Elements 2.5 inch 1 TB External Hard Drive,WD,Rs. 7500, Rs. 5150,4.6
ACCDBEF57FVN4CFT,WD My Passport 1 TB External Hard Disk,WD,, Rs. 6999,4.6
ACCDHUJHVBD9ZXZU,HGST Touro Mobile 2.5 inch 1 TB External Hard Disk,HGST,, Rs. 4669,4.5
ACCDH47F4H9QTDHA,Buffalo MiniStation 2.5 inch 1 TB External Hard Disk,Buffalo,Rs. 10000, Rs. 5999,4.5
ACCDBEF59S6CGUYN,WD My Passport 500 GB External Hard Disk,WD,, Rs. 4030,4.6
ACCDBEF64UHH7B6R,Seagate Expansion Falcun 1 TB External Hard Disk,Seagate,, Rs. 4290,4.4
ACCDP6PZHMSGQUH6,WD Elements 2.5 inch 2 TB External Hard Drive,WD,Rs. 11000, Rs. 8800,4.6
ACCDP65GQGGQUXZK,Samsung M3 1TB portable USB 3.0 Hard Drive,Samsung,, Rs. 4490,4.3
ACCDBEF6G2AH5TWC,Seagate Backup Plus 1 TB External Hard Disk,Seagate,, Rs. 4990,4.6
ACCDA6SHZGTT4BCC,Toshiba Canvio Simple 1 TB External Hard Disk,Toshiba,Rs. 5000, Rs. 4686,3.9
ACCDAYUMZHWCEMCV,Sony HD-E1 2.5 inch 1 TB External Hard Drive,Sony,, Rs. 5029,4.6
ACCDQGVA2SWVFGCG,WD My Passport Ultra 2.5 inch 1 TB External Hard Drive,WD,, Rs. 4390,4.6
ACCDHUJHVBD9ZXZU,HGST Touro Mobile 2.5 inch 1 TB External Hard Disk,HGST,, Rs. 4669,4.5
ACCDBEF59S6CGUYN,WD My Passport 500 GB External Hard Disk,WD,, Rs. 4030,4.6
ACCDP6PZHMSGQUH6,WD Elements 2.5 inch 2 TB External Hard Drive,WD,Rs. 11000, Rs. 8800,4.6
ACCDA6SHZGTT4BCC,Toshiba Canvio Simple 1 TB External Hard Disk,Toshiba,Rs. 5000, Rs. 4686,3.9
ACCDAYUMZHWCEMCV,Sony HD-E1 2.5 inch 1 TB External Hard Drive,Sony,, Rs. 5029,4.6
ACCDFF6ZGGWPG5BZ,Transcend StoreJet 25M3 2.5 inch 500 GB External Hard Disk,Transcend,, Rs. 3520,4.6
ACCDP65GQGGQUXZK,Samsung M3 1TB portable USB 3.0 Hard Drive,Samsung,, Rs. 4490,4.3
ACCDAYUMGBSJHVYY,Sony HD-E1 2.5 inch 1 TB External Hard Disk,Sony,, Rs. 5029,4.5
ACCDCWUZQHBJZB5F,Seagate Backup Plus 1 TB External Hard Disk,Seagate,, Rs. 4990,4.6
ACCDC2SDXBMWGEMK,Seagate Expansion 2 TB External Hard Disk,Seagate,Rs. 8000, Rs. 6899,4.4
ACCDBEF5BJWM5JBX,WD My Passport 1 TB External Hard Disk,WD,Rs. 8000, Rs. 5150,4.6
ACCDCWUZV7QZHBYD,Seagate Backup Plus 1 TB External Hard Disk,Seagate,, Rs. 4990,4.6
ACCDMHDQJHVRPYAN,WD Elements 2.5 inch 1 TB External Hard Drive,WD,Rs. 7500, Rs. 5150,4.6
ACCD72ZXFC6ZRTST,Transcend StoreJet 25M3 2.5 inch 1 TB External Hard Disk,Transcend,, Rs. 4945,4.6
ACCDBEF64UHH7B6R,Seagate Expansion Falcun 1 TB External Hard Disk,Seagate,, Rs. 4290,4.4
ACCDBEF57FVN4CFT,WD My Passport 1 TB External Hard Disk,WD,, Rs. 6999,4.6
ACCDH47F4H9QTDHA,Buffalo MiniStation 2.5 inch 1 TB External Hard Disk,Buffalo,Rs. 10000, Rs. 5999,4.5
ACCDH77ZQZRX23FY,Dell Backup Plus 1TB USB 3.0 Portable hard drive,Dell,Rs. 8500, Rs. 4838,4.4
ACCDBEF6G2AH5TWC,Seagate Backup Plus 1 TB External Hard Disk,Seagate,, Rs. 4990,4.6
ACCDP6PZHMSGQUH6,WD Elements 2.5 inch 2 TB External Hard Drive,WD,Rs. 11000, Rs. 8800,4.6
ACCDQGVA2SWVFGCG,WD My Passport Ultra 2.5 inch 1 TB External Hard Drive,WD,, Rs. 4390,4.6
ACCDP65GQGGQUXZK,Samsung M3 1TB portable USB 3.0 Hard Drive,Samsung,, Rs. 4490,4.3
ACCDCWUZQHBJZB5F,Seagate Backup Plus 1 TB External Hard Disk,Seagate,, Rs. 4990,4.6
ACCDAYUMGBSJHVYY,Sony HD-E1 2.5 inch 1 TB External Hard Disk,Sony,, Rs. 5029,4.5
ACCDA6SHZGTT4BCC,Toshiba Canvio Simple 1 TB External Hard Disk,Toshiba,Rs. 5000, Rs. 4686,3.9
ACCDFF6ZGGWPG5BZ,Transcend StoreJet 25M3 2.5 inch 500 GB External Hard Disk,Transcend,, Rs. 3520,4.6
ACCDAYUMZHWCEMCV,Sony HD-E1 2.5 inch 1 TB External Hard Drive,Sony,, Rs. 5029,4.6
ACCD72ZXFC6ZRTST,Transcend StoreJet 25M3 2.5 inch 1 TB External Hard Disk,Transcend,, Rs. 4945,4.6
ACCDC2SDXBMWGEMK,Seagate Expansion 2 TB External Hard Disk,Seagate,Rs. 8000, Rs. 6899,4.4
ACCDBEF5BJWM5JBX,WD My Passport 1 TB External Hard Disk,WD,Rs. 8000, Rs. 5150,4.6
ACCDMHDQJHVRPYAN,WD Elements 2.5 inch 1 TB External Hard Drive,WD,Rs. 7500, Rs. 5150,4.6
ACCDH77ZQZRX23FY,Dell Backup Plus 1TB USB 3.0 Portable hard drive,Dell,Rs. 8500, Rs. 4838,4.4
ACCDBEF57FVN4CFT,WD My Passport 1 TB External Hard Disk,WD,, Rs. 6999,4.6
ACCDCWUZV7QZHBYD,Seagate Backup Plus 1 TB External Hard Disk,Seagate,, Rs. 4990,4.6
ACCDHUJHVBD9ZXZU,HGST Touro Mobile 2.5 inch 1 TB External Hard Disk,HGST,, Rs. 4669,4.5
ACCDH47F4H9QTDHA,Buffalo MiniStation 2.5 inch 1 TB External Hard Disk,Buffalo,Rs. 10000, Rs. 5999,4.5
ACCDBEF59S6CGUYN,WD My Passport 500 GB External Hard Disk,WD,, Rs. 4030,4.6
ACCDBEF6G2AH5TWC,Seagate Backup Plus 1 TB External Hard Disk,Seagate,, Rs. 4990,4.6
ACCDBEF64UHH7B6R,Seagate Expansion Falcun 1 TB External Hard Disk,Seagate,, Rs. 4290,4.4
ACCD5QY5SK7JWNFZ,HP 2.0 Compact Speakers,HP,Rs. 699, Rs. 587,3.7
ACCDCZXZC6UFV3PT,Sony SRS-D9 Multimedia Speakers,Sony,Rs. 9999, Rs. 5990,4.6
ACCCZZC9DFRHZTZX,Creative SBS A235 Multimedia Speakers,Creative,, Rs. 1899,3.9
ACCD4AVP8Z92SHZP,Dell AX210CR USB Stereo Speakers,Dell,, Rs. 799,4
ACCCZZC9MF2XR4JE,Creative SBS A35 Desktop Speakers,Creative,, Rs. 699,3.6
ACCDHYG8DR4CMCJN,iBall Raaga Q9 Multimedia Speaker,iBall,Rs. 1800, Rs. 1220,4.1
ACCDYEZPKWVEKVTU,Zebronics Thunder SW2250 Multimedia Speakers,Zebronics,Rs. 1200, Rs. 880,3.7
ACCDHYHRFYZ8RHDU,DigiFlip PS004 Bluetooth Speakers,DigiFlip,Rs. 1500, Rs. 1060,4.3
ACCDEVVF8NQ29AT4,Portronics Pure Sound Portable Speaker,Portronics,Rs. 1999, Rs. 1449,4.4
ACCCZZC93FANSHUV,Creative SBS A120 Multimedia Speakers,Creative,, Rs. 1599,4.3
ACCDH8AVYXCJVY4E,iBall SoundWave 2 Multimedia 2.0 Speaker,iBall,Rs. 850, Rs. 489,4.2
ACCCZZC9BDUM4EXE,Creative SBS A335 Multimedia Speakers,Creative,Rs. 2299, Rs. 2033,4.6
ACCDYEZPBJUEHHC6,Zebronics Zeb-S500 2.0 Multimedia Speakers,Zebronics,Rs. 599, Rs. 409,4.3
ACCDFZEJM7CBGAFZ,Intex IT 880S Multimedia Speakers,Intex,Rs. 1000, Rs. 740,3.1
ACCDHZBMZY5GPZAJ,Philips SPA20 USB Speaker,Philips,, Rs. 549,3.9
ACCD7CXH9YHZQ2KU,Creative D80 Bluetooth,Creative,Rs. 4299, Rs. 3999,3.5
ACCDFZEJ2ZHYHX4T,Intex IT 320 Multimedia Speakers,Intex,Rs. 290, Rs. 275,2.9
ACCDNC7RRUMDCDYZ,DigiFlip PS009 Wired Mini USB Speaker,DigiFlip,, Rs. 349,3.4
ACCDHYHRYYHUJWH4,DigiFlip PS003 Bluetooth Speakers,DigiFlip,Rs. 1600, Rs. 1260,4
ACCDDTF4WYBEV8N6,Philips DSP 2600 Multimedia Speakers,Philips,Rs. 6990, Rs. 2800,2.7
USGDZSNFTZPGJHP3,Sra USB B1 USB Bluetooth,Sra,Rs. 299, Rs. 89,3.6
USGDSX9GKJZT7REE,Digitek DUH-001 USB HUB,Digitek,Rs. 399, Rs. 239,3
USGDRHZAY4KT4AEH,Enter USB Audio Controller USB Sound Card Device,Enter,Rs. 300, Rs. 225,1
USGDM755DTADHVCY,KolorFish iLight UL 1 GR USB Light,KolorFish,Rs. 199, Rs. 159,4
USGDRBZ9KFPVC7CK,Live Tech 3 Port USB HUB,Live Tech,Rs. 275, Rs. 200,5
USGDHP6ZZMVHYWT9,"SRA USB 4 Port Hub U1 USB Computer, Laptop",SRA,Rs. 799, Rs. 240,3
USGDMUGFZZ3G4NEY,Quantum QHM 6660 USB Hub,Quantum,Rs. 249, Rs. 150,3.8
USGDQRV4SWQFVKUF,Live Tech 7.1 USB Sound Card,Live Tech,Rs. 299, Rs. 200,2.6
USGDPMD6N7UZGKYR,Power Plus MEEE861213 MEEE861213 USB Lamp,Power Plus,Rs. 199, Rs. 149,4
USGDQRV499SGVHX3,Live Tech Bluetooth with CD USB Bluetooth 2.0,Live Tech,Rs. 199, Rs. 140,3
USGDRHZAY2YDFHPX,Enter USB LAN E-100U USB Lan Device,Enter,Rs. 500, Rs. 350,5
USGDHE59PGGZUCQD,"SRA USB LAN Card L2 USB Laptop, Computer",SRA,Rs. 500, Rs. 325,3.5
USGDMUGF6N4YZHUV,Quantum QHM 623 USB Sound Card,Quantum,Rs. 200, Rs. 148,2.7
USGDHE59NZ7FCGGG,"SRA Laptop Light L1 USB Laptop, Computer",SRA,Rs. 299, Rs. 99,2.7
USGDR5XQTY5CQVHX,Smiledrive Clip USB Lamp,Smiledrive,Rs. 599, Rs. 399,4
USGDMEZVRRYDR4HY,Smiledrive USB Clip LED Cliplamp USB Lamp,Smiledrive,Rs. 599, Rs. 399,3.7
USGDNUYVYMNJXZAF,Amkette High-speed 4 Port FUH341PP USB USB 2.0 Hub,Amkette,Rs. 375, Rs. 295,4.2
USGDRZFYWNYS7KFH,Enter USB LAN E100U USB LAN Convertor,Enter,Rs. 390, Rs. 340,4
USGDRZFYBAEA4BSB,Enter Bluetooth Dongle EBT USB Bluetooth Dongle,Enter,Rs. 295, Rs. 280,3
USGDHE59FKNPTADE,"SRA Sound Card USB S1 USB Laptop, Computer",SRA,Rs. 299, Rs. 250,3.9
